Bathe in Light	Boros	White	Uncommon	Ravnica: City of Guilds
Boros Fury-Shield	Boros	White	Common	Ravnica: City of Guilds
Chant of Vitu-Ghazi	Selesnya	White	Uncommon	Ravnica: City of Guilds
Conclave Equenaut	Selesnya	White	Common	Ravnica: City of Guilds
Conclave Phalanx	Selesnya	White	Uncommon	Ravnica: City of Guilds
Conclave's Blessing	Selesnya	White	Common	Ravnica: City of Guilds
Devouring Light	Selesnya	White	Uncommon	Ravnica: City of Guilds
Hour of Reckoning	Selesnya	White	Rare	Ravnica: City of Guilds
Leave No Trace	Boros	White	Common	Ravnica: City of Guilds
Screeching Griffin	Boros	White	Common	Ravnica: City of Guilds
Seed Spark	Selesnya	White	Uncommon	Ravnica: City of Guilds
Votary of the Conclave	Selesnya	White	Common	Ravnica: City of Guilds
Wojek Apothecary	Boros	White	Uncommon	Ravnica: City of Guilds
Wojek Siren	Boros	White	Common	Ravnica: City of Guilds
Dizzy Spell	Dimir	Blue	Common	Ravnica: City of Guilds
Drift of Phantasms	Dimir	Blue	Common	Ravnica: City of Guilds
Ethereal Usher	Dimir	Blue	Uncommon	Ravnica: City of Guilds
Grozoth	Dimir	Blue	Rare	Ravnica: City of Guilds
Induce Paranoia	Dimir	Blue	Common	Ravnica: City of Guilds
Muddle the Mixture	Dimir	Blue	Common	Ravnica: City of Guilds
Tattered Drake	Dimir	Blue	Common	Ravnica: City of Guilds
Brainspoil	Dimir	Black	Common	Ravnica: City of Guilds
Darkblast	Golgari	Black	Uncommon	Ravnica: City of Guilds
Dimir House Guard	Dimir	Black	Common	Ravnica: City of Guilds
Dimir Machinations	Dimir	Black	Uncommon	Ravnica: City of Guilds
Golgari Thug	Golgari	Black	Uncommon	Ravnica: City of Guilds
Mortipede	Golgari	Black	Common	Ravnica: City of Guilds
Necroplasm	Golgari	Black	Rare	Ravnica: City of Guilds
Netherborn Phalanx	Dimir	Black	Uncommon	Ravnica: City of Guilds
Nightmare Void	Golgari	Black	Uncommon	Ravnica: City of Guilds
Ribbons of Night	Dimir	Black	Uncommon	Ravnica: City of Guilds
Roofstalker Wight	Dimir	Black	Common	Ravnica: City of Guilds
Shred Memory	Dimir	Black	Common	Ravnica: City of Guilds
Stinkweed Imp	Golgari	Black	Common,Common	Ravnica: City of Guilds,Modern Masters
Vigor Mortis	Golgari	Black	Uncommon	Ravnica: City of Guilds
Cleansing Beam	Boros	Red	Uncommon	Ravnica: City of Guilds
Flash Conscription	Boros	Red	Uncommon	Ravnica: City of Guilds
Incite Hysteria	Boros	Red	Common	Ravnica: City of Guilds
Ordruun Commando	Boros	Red	Common	Ravnica: City of Guilds
Surge of Zeal	Boros	Red	Common	Ravnica: City of Guilds
Wojek Embermage	Boros	Red	Uncommon	Ravnica: City of Guilds
Chord of Calling	Selesnya	Green	Rare	Ravnica: City of Guilds
Dryad's Caress	Selesnya	Green	Common	Ravnica: City of Guilds
Elves of Deep Shadow	Golgari	Green	Common	Ravnica: City of Guilds
Gather Courage	Selesnya	Green	Common	Ravnica: City of Guilds
Golgari Brownscale	Golgari	Green	Common	Ravnica: City of Guilds
Golgari Grave-Troll	Golgari	Green	Rare	Ravnica: City of Guilds
Greater Mossdog	Golgari	Green	Common,Common	Ravnica: City of Guilds,Modern Masters
Life from the Loam	Golgari	Green	Rare,Rare	Ravnica: City of Guilds,Modern Masters
Moldervine Cloak	Golgari	Green	Uncommon,Common	Ravnica: City of Guilds,Modern Masters
Overwhelm	Selesnya	Green	Uncommon	Ravnica: City of Guilds
Rolling Spoil	Golgari	Green	Uncommon	Ravnica: City of Guilds
Root-Kin Ally	Selesnya	Green	Uncommon	Ravnica: City of Guilds
Scatter the Seeds	Selesnya	Green	Common	Ravnica: City of Guilds
Siege Wurm	Selesnya	Green	Common	Ravnica: City of Guilds
Sundering Vitae	Selesnya	Green	Common	Ravnica: City of Guilds
Transluminant	Selesnya	Green	Common	Ravnica: City of Guilds
Agrus Kos, Wojek Veteran	Boros	White/Red	Rare	Ravnica: City of Guilds
Autochthon Wurm	Selesnya	White/Green	Rare	Ravnica: City of Guilds
Bloodbond March	Golgari	Black/Green	Rare	Ravnica: City of Guilds
Boros Swiftblade	Boros	White/Red	Uncommon	Ravnica: City of Guilds
Brightflame	Boros	White/Red	Rare	Ravnica: City of Guilds
Chorus of the Conclave	Selesnya	White/Green	Rare	Ravnica: City of Guilds
Circu, Dimir Lobotomist	Dimir	Blue/Black	Rare	Ravnica: City of Guilds
Clutch of the Undercity	Dimir	Blue/Black	Uncommon	Ravnica: City of Guilds
Congregation at Dawn	Selesnya	White/Green	Uncommon	Ravnica: City of Guilds
Consult the Necrosages	Dimir	Blue/Black	Common	Ravnica: City of Guilds
Dark Heart of the Wood	Golgari	Black/Green	Uncommon	Ravnica: City of Guilds
Dimir Cutpurse	Dimir	Blue/Black	Rare	Ravnica: City of Guilds
Dimir Doppelganger	Dimir	Blue/Black	Rare	Ravnica: City of Guilds
Dimir Infiltrator	Dimir	Blue/Black	Common	Ravnica: City of Guilds
Drooling Groodion	Golgari	Black/Green	Uncommon	Ravnica: City of Guilds
Firemane Angel	Boros	White/Red	Rare	Ravnica: City of Guilds
Flame-Kin Zealot	Boros	White/Red	Uncommon	Ravnica: City of Guilds
Glare of Subdual	Selesnya	White/Green	Rare	Ravnica: City of Guilds
Glimpse the Unthinkable	Dimir	Blue/Black	Rare	Ravnica: City of Guilds
Golgari Germination	Golgari	Black/Green	Uncommon	Ravnica: City of Guilds
Golgari Rotwurm	Golgari	Black/Green	Common	Ravnica: City of Guilds
Grave-Shell Scarab	Golgari	Black/Green	Rare	Ravnica: City of Guilds
Guardian of Vitu-Ghazi	Selesnya	White/Green	Common	Ravnica: City of Guilds
Lightning Helix	Boros	White/Red	Uncommon	Ravnica: City of Guilds
Loxodon Hierarch	Selesnya	White/Green	Rare	Ravnica: City of Guilds
Mindleech Mass	Dimir	Blue/Black	Rare	Ravnica: City of Guilds
Moroii	Dimir	Blue/Black	Uncommon	Ravnica: City of Guilds
Perplex	Dimir	Blue/Black	Common	Ravnica: City of Guilds
Phytohydra	Selesnya	White/Green	Rare	Ravnica: City of Guilds
Pollenbright Wings	Selesnya	White/Green	Uncommon	Ravnica: City of Guilds
Psychic Drain	Dimir	Blue/Black	Uncommon	Ravnica: City of Guilds
Putrefy	Golgari	Black/Green	Uncommon,Uncommon	Ravnica: City of Guilds,Dragon's Maze
Rally the Righteous	Boros	White/Red	Common	Ravnica: City of Guilds
Razia, Boros Archangel	Boros	White/Red	Rare	Ravnica: City of Guilds
Razia's Purification	Boros	White/Red	Rare	Ravnica: City of Guilds
Savra, Queen of the Golgari	Golgari	Black/Green	Rare	Ravnica: City of Guilds
Searing Meditation	Boros	White/Red	Rare	Ravnica: City of Guilds
Seeds of Strength	Selesnya	White/Green	Common	Ravnica: City of Guilds
Selesnya Evangel	Selesnya	White/Green	Common	Ravnica: City of Guilds
Selesnya Sagittars	Selesnya	White/Green	Uncommon	Ravnica: City of Guilds
Shambling Shell	Golgari	Black/Green	Common	Ravnica: City of Guilds
Sisters of Stone Death	Golgari	Black/Green	Rare	Ravnica: City of Guilds
Skyknight Legionnaire	Boros	White/Red	Common,Common	Ravnica: City of Guilds,Gatecrash
Sunhome Enforcer	Boros	White/Red	Uncommon	Ravnica: City of Guilds
Szadek, Lord of Secrets	Dimir	Blue/Black	Rare	Ravnica: City of Guilds
Thundersong Trumpeter	Boros	White/Red	Common	Ravnica: City of Guilds
Tolsimir Wolfblood	Selesnya	White/Green	Rare	Ravnica: City of Guilds
Twisted Justice	Dimir	Blue/Black	Uncommon	Ravnica: City of Guilds
Vulturous Zombie	Golgari	Black/Green	Rare	Ravnica: City of Guilds
Watchwolf	Selesnya	White/Green	Uncommon	Ravnica: City of Guilds
Woodwraith Corrupter	Golgari	Black/Green	Rare	Ravnica: City of Guilds
Woodwraith Strangler	Golgari	Black/Green	Common	Ravnica: City of Guilds
Boros Guildmage	Boros	White/Red	Uncommon	Ravnica: City of Guilds
Boros Recruit	Boros	White/Red	Common	Ravnica: City of Guilds
Centaur Safeguard	Selesnya	White/Green	Common	Ravnica: City of Guilds
Dimir Guildmage	Dimir	Blue/Black	Uncommon	Ravnica: City of Guilds
Gaze of the Gorgon	Golgari	Black/Green	Common	Ravnica: City of Guilds
Gleancrawler	Golgari	Black/Green	Rare	Ravnica: City of Guilds
Golgari Guildmage	Golgari	Black/Green	Uncommon	Ravnica: City of Guilds
Lurking Informant	Dimir	Blue/Black	Common	Ravnica: City of Guilds
Master Warcraft	Boros	White/Red	Rare	Ravnica: City of Guilds
Privileged Position	Selesnya	White/Green	Rare	Ravnica: City of Guilds
Selesnya Guildmage	Selesnya	White/Green	Uncommon	Ravnica: City of Guilds
Shadow of Doubt	Dimir	Blue/Black	Rare	Ravnica: City of Guilds
Bloodletter Quill	Dimir	-	Rare	Ravnica: City of Guilds
Boros Signet	Boros	-	Common	Ravnica: City of Guilds
Crown of Convergence	Selesnya	-	Rare	Ravnica: City of Guilds
Dimir Signet	Dimir	-	Common	Ravnica: City of Guilds
Golgari Signet	Golgari	-	Common	Ravnica: City of Guilds
Plague Boiler	Golgari	-	Rare	Ravnica: City of Guilds
Selesnya Signet	Selesnya	-	Common	Ravnica: City of Guilds
Sunforger	Boros	-	Rare	Ravnica: City of Guilds
Boros Garrison	Boros	-	Common	Ravnica: City of Guilds
Dimir Aqueduct	Dimir	-	Common	Ravnica: City of Guilds
Duskmantle, House of Shadow	Dimir	-	Uncommon	Ravnica: City of Guilds
Golgari Rot Farm	Golgari	-	Common	Ravnica: City of Guilds
Overgrown Tomb	Golgari	-	Rare,Rare	Ravnica: City of Guilds,Return to Ravnica
Sacred Foundry	Boros	-	Rare,Rare	Ravnica: City of Guilds,Gatecrash
Selesnya Sanctuary	Selesnya	-	Common	Ravnica: City of Guilds
Sunhome, Fortress of the Legion	Boros	-	Uncommon	Ravnica: City of Guilds
Svogthos, the Restless Tomb	Golgari	-	Uncommon	Ravnica: City of Guilds
Temple Garden	Selesnya	-	Rare,Rare	Ravnica: City of Guilds,Return to Ravnica
Vitu-Ghazi, the City-Tree	Selesnya	-	Uncommon	Ravnica: City of Guilds
Watery Grave	Dimir	-	Rare,Rare	Ravnica: City of Guilds,Gatecrash
Absolver Thrull	Orzhov	White	Common	Guildpact
Belfry Spirit	Orzhov	White	Uncommon	Guildpact
Benediction of Moons	Orzhov	White	Common	Guildpact
Graven Dominator	Orzhov	White	Rare	Guildpact
Shadow Lance	Orzhov	White	Uncommon	Guildpact
Shrieking Grotesque	Orzhov	White	Common	Guildpact
Gigadrowse	Izzet	Blue	Common	Guildpact
Mimeofacture	Izzet	Blue	Rare	Guildpact
Steamcore Weird	Izzet	Blue	Common	Guildpact
Thunderheads	Izzet	Blue	Uncommon	Guildpact
Torch Drake	Izzet	Blue	Common	Guildpact
Train of Thought	Izzet	Blue	Common	Guildpact
Vacuumelt	Izzet	Blue	Uncommon	Guildpact
Cry of Contrition	Orzhov	Black	Common	Guildpact
Exhumer Thrull	Orzhov	Black	Uncommon	Guildpact
Orzhov Euthanist	Orzhov	Black	Common	Guildpact
Ostiary Thrull	Orzhov	Black	Common	Guildpact
Revenant Patriarch	Orzhov	Black	Uncommon	Guildpact
Seize the Soul	Orzhov	Black	Rare	Guildpact
Bloodscale Prowler	Gruul	Red	Common	Guildpact
Ghor-Clan Bloodscale	Gruul	Red	Uncommon	Guildpact
Hypervolt Grasp	Izzet	Red	Uncommon	Guildpact
Ogre Savant	Izzet	Red	Common	Guildpact
Pyromatics	Izzet	Red	Common	Guildpact
Rabble-Rouser	Gruul	Red	Uncommon	Guildpact
Shattering Spree	Izzet	Red	Uncommon	Guildpact
Siege of Towers	Izzet	Red	Rare	Guildpact
Skarrgan Firebird	Gruul	Red	Rare	Guildpact
Tin Street Hooligan	Gruul	Red	Common	Guildpact
Battering Wurm	Gruul	Green	Uncommon	Guildpact
Ghor-Clan Savage	Gruul	Green	Common	Guildpact
Gristleback	Gruul	Green	Uncommon	Guildpact
Gruul Nodorog	Gruul	Green	Common	Guildpact
Gruul Scrapper	Gruul	Green	Common	Guildpact
Petrified Wood-Kin	Gruul	Green	Rare	Guildpact
Skarrgan Pit-Skulk	Gruul	Green	Common	Guildpact
Agent of Masks	Orzhov	White/Black	Uncommon	Guildpact
Angel of Despair	Orzhov	White/Black	Rare	Guildpact
Blind Hunter	Orzhov	White/Black	Common	Guildpact
Borborygmos	Gruul	Red/Green	Rare	Guildpact
Burning-Tree Bloodscale	Gruul	Red/Green	Common	Guildpact
Burning-Tree Shaman	Gruul	Red/Green	Rare	Guildpact
Castigate	Orzhov	White/Black	Common	Guildpact
Cerebral Vortex	Izzet	Blue/Red	Rare	Guildpact
Conjurer's Ban	Orzhov	White/Black	Uncommon	Guildpact
Culling Sun	Orzhov	White/Black	Rare	Guildpact
Electrolyze	Izzet	Blue/Red	Uncommon,Uncommon	Guildpact,Modern Masters
Feral Animist	Gruul	Red/Green	Uncommon,Uncommon	Guildpact,Dragon's Maze
Gelectrode	Izzet	Blue/Red	Uncommon	Guildpact
Ghost Council of Orzhova	Orzhov	White/Black	Rare	Guildpact
Goblin Flectomancer	Izzet	Blue/Red	Uncommon	Guildpact
Invoke the Firemind	Izzet	Blue/Red	Rare	Guildpact
Izzet Chronarch	Izzet	Blue/Red	Common	Guildpact
Killer Instinct	Gruul	Red/Green	Rare	Guildpact
Leap of Flame	Izzet	Blue/Red	Common	Guildpact
Mortify	Orzhov	White/Black	Uncommon	Guildpact
Niv-Mizzet, the Firemind	Izzet	Blue/Red	Rare	Guildpact
Orzhov Pontiff	Orzhov	White/Black	Rare	Guildpact
Pillory of the Sleepless	Orzhov	White/Black	Common	Guildpact
Rumbling Slum	Gruul	Red/Green	Rare	Guildpact
Savage Twister	Gruul	Red/Green	Uncommon	Guildpact
Scab-Clan Mauler	Gruul	Red/Green	Common	Guildpact
Schismotivate	Izzet	Blue/Red	Uncommon	Guildpact
Skarrgan Skybreaker	Gruul	Red/Green	Uncommon	Guildpact
Souls of the Faultless	Orzhov	White/Black	Uncommon	Guildpact
Stitch in Time	Izzet	Blue/Red	Rare	Guildpact
Streetbreaker Wurm	Gruul	Red/Green	Common	Guildpact
Teysa, Orzhov Scion	Orzhov	White/Black	Rare	Guildpact
Tibor and Lumia	Izzet	Blue/Red	Rare	Guildpact
Ulasht, the Hate Seed	Gruul	Red/Green	Rare	Guildpact
Wee Dragonauts	Izzet	Blue/Red	Common	Guildpact
Wreak Havoc	Gruul	Red/Green	Uncommon	Guildpact
Debtors' Knell	Orzhov	White/Black	Rare	Guildpact
Djinn Illuminatus	Izzet	Blue/Red	Rare	Guildpact
Giant Solifuge	Gruul	Red/Green	Rare	Guildpact
Gruul Guildmage	Gruul	Red/Green	Uncommon	Guildpact
Izzet Guildmage	Izzet	Blue/Red	Uncommon	Guildpact
Mourning Thrull	Orzhov	White/Black	Common	Guildpact
Orzhov Guildmage	Orzhov	White/Black	Uncommon	Guildpact
Petrahydrox	Izzet	Blue/Red	Common	Guildpact
Wild Cantor	Gruul	Red/Green	Common	Guildpact
Gruul Signet	Gruul	-	Common	Guildpact
Gruul War Plow	Gruul	-	Rare	Guildpact
Izzet Signet	Izzet	-	Common	Guildpact
Mizzium Transreliquat	Izzet	-	Rare	Guildpact
Moratorium Stone	Orzhov	-	Rare	Guildpact
Orzhov Signet	Orzhov	-	Common	Guildpact
Godless Shrine	Orzhov	-	Rare,Rare	Guildpact,Gatecrash
Gruul Turf	Gruul	-	Common	Guildpact
Izzet Boilerworks	Izzet	-	Common	Guildpact
Nivix, Aerie of the Firemind	Izzet	-	Uncommon	Guildpact
Orzhov Basilica	Orzhov	-	Common	Guildpact
Orzhova, the Church of Deals	Orzhov	-	Uncommon	Guildpact
Skarrg, the Rage Pits	Gruul	-	Uncommon	Guildpact
Steam Vents	Izzet	-	Rare,Rare	Guildpact,Return to Ravnica
Stomping Ground	Gruul	-	Rare,Rare	Guildpact,Gatecrash
Azorius Herald	Azorius	White	Uncommon	Dissension
Paladin of Prahv	Azorius	White	Uncommon	Dissension
Proclamation of Rebirth	Azorius	White	Rare	Dissension
Soulsworn Jury	Azorius	White	Common	Dissension
Steeling Stance	Azorius	White	Common	Dissension
Court Hussar	Azorius	Blue	Uncommon	Dissension
Cytoplast Manipulator	Simic	Blue	Rare	Dissension
Govern the Guildless	Azorius	Blue	Rare	Dissension
Helium Squirter	Simic	Blue	Common	Dissension
Novijen Sages	Simic	Blue	Rare	Dissension
Ocular Halo	Azorius	Blue	Common	Dissension
Plaxmanta	Simic	Blue	Uncommon	Dissension
Silkwing Scout	Simic	Blue	Common	Dissension
Skyscribing	Azorius	Blue	Uncommon	Dissension
Vigean Graftmage	Simic	Blue	Uncommon	Dissension
Writ of Passage	Azorius	Blue	Common	Dissension
Crypt Champion	Rakdos	Black	Uncommon	Dissension
Demon's Jester	Rakdos	Black	Common	Dissension
Infernal Tutor	Rakdos	Black	Rare	Dissension
Nettling Curse	Rakdos	Black	Common	Dissension
Nihilistic Glee	Rakdos	Black	Rare	Dissension
Ragamuffyn	Rakdos	Black	Uncommon	Dissension
Slaughterhouse Bouncer	Rakdos	Black	Common	Dissension
Slithering Shade	Rakdos	Black	Uncommon	Dissension
Cackling Flames	Rakdos	Red	Common	Dissension
Demonfire	Rakdos	Red	Rare	Dissension
Kill-Suit Cultist	Rakdos	Red	Common	Dissension
Rakdos Pit Dragon	Rakdos	Red	Rare	Dissension
Squealing Devil	Rakdos	Red	Uncommon	Dissension
Taste for Mayhem	Rakdos	Red	Common	Dissension
Aquastrand Spider	Simic	Green	Common	Dissension
Cytoplast Root-Kin	Simic	Green	Rare	Dissension
Cytospawn Shambler	Simic	Green	Common	Dissension
Patagia Viper	Simic	Green	Uncommon	Dissension
Simic Basilisk	Simic	Green	Uncommon	Dissension
Simic Initiate	Simic	Green	Common	Dissension
Simic Ragworm	Simic	Green	Common	Dissension
Sporeback Troll	Simic	Green	Common	Dissension
Æthermage's Touch	Azorius	White/Blue	Rare	Dissension
Anthem of Rakdos	Rakdos	Black/Red	Rare	Dissension
Assault Zeppelid	Simic	Blue/Green	Common	Dissension
Azorius Æthermage	Azorius	White/Blue	Uncommon	Dissension
Azorius First-Wing	Azorius	White/Blue	Common	Dissension
Azorius Ploy	Azorius	White/Blue	Uncommon	Dissension
Coiling Oracle	Simic	Blue/Green	Common	Dissension
Cytoshape	Simic	Blue/Green	Rare	Dissension
Dread Slag	Rakdos	Black/Red	Rare	Dissension
Experiment Kraj	Simic	Blue/Green	Rare	Dissension
Gobhobbler Rats	Rakdos	Black/Red	Common	Dissension
Grand Arbiter Augustin IV	Azorius	White/Blue	Rare,Rare	Dissension,Modern Masters
Hellhole Rats	Rakdos	Black/Red	Uncommon	Dissension
Isperia the Inscrutable	Azorius	White/Blue	Rare	Dissension
Jagged Poppet	Rakdos	Black/Red	Uncommon	Dissension
Leafdrake Roost	Simic	Blue/Green	Uncommon	Dissension
Lyzolda, the Blood Witch	Rakdos	Black/Red	Rare	Dissension
Momir Vig, Simic Visionary	Simic	Blue/Green	Rare	Dissension
Omnibian	Simic	Blue/Green	Rare	Dissension
Overrule	Azorius	White/Blue	Common	Dissension
Pain Magnification	Rakdos	Black/Red	Uncommon	Dissension
Palliation Accord	Azorius	White/Blue	Uncommon	Dissension
Plaxcaster Frogling	Simic	Blue/Green	Uncommon	Dissension
Plumes of Peace	Azorius	White/Blue	Common	Dissension
Pride of the Clouds	Azorius	White/Blue	Rare	Dissension
Rain of Gore	Rakdos	Black/Red	Rare	Dissension
Rakdos Augermage	Rakdos	Black/Red	Rare	Dissension
Rakdos Ickspitter	Rakdos	Black/Red	Common	Dissension
Rakdos the Defiler	Rakdos	Black/Red	Rare	Dissension
Simic Sky Swallower	Simic	Blue/Green	Rare	Dissension
Sky Hussar	Azorius	White/Blue	Uncommon	Dissension
Swift Silence	Azorius	White/Blue	Rare	Dissension
Trygon Predator	Simic	Blue/Green	Uncommon,Uncommon	Dissension,Modern Masters
Twinstrike	Rakdos	Black/Red	Uncommon	Dissension
Vigean Hydropon	Simic	Blue/Green	Common	Dissension
Vigean Intuition	Simic	Blue/Green	Uncommon	Dissension
Voidslime	Simic	Blue/Green	Rare	Dissension
Windreaver	Azorius	White/Blue	Rare	Dissension
Wrecking Ball	Rakdos	Black/Red	Common	Dissension
Avatar of Discord	Rakdos	Black/Red	Rare	Dissension
Azorius Guildmage	Azorius	White/Blue	Uncommon	Dissension
Biomantic Mastery	Simic	Blue/Green	Rare	Dissension
Dovescape	Azorius	White/Blue	Rare	Dissension
Minister of Impediments	Azorius	White/Blue	Common	Dissension
Rakdos Guildmage	Rakdos	Black/Red	Uncommon	Dissension
Riot Spikes	Rakdos	Black/Red	Common	Dissension
Shielding Plax	Simic	Blue/Green	Common	Dissension
Simic Guildmage	Simic	Blue/Green	Uncommon	Dissension
Bound	Golgari	Black/Green	Rare	Dissension
Determined	Simic	Blue/Green	Rare	Dissension
Crime	Orzhov	White/Black	Rare	Dissension
Punishment	Golgari	Black/Green	Rare	Dissension
Hide	Boros	White/Red	Rare	Dissension
Seek	Orzhov	White/Black	Rare	Dissension
Hit	Rakdos	Black/Red	Uncommon	Dissension
Run	Gruul	Red/Green	Uncommon	Dissension
Odds	Izzet	Blue/Red	Rare	Dissension
Ends	Boros	White/Red	Rare	Dissension
Pure	Gruul	Red/Green	Uncommon	Dissension
Simple	Selesnya	White/Green	Uncommon	Dissension
Research	Simic	Blue/Green	Rare	Dissension
Development	Izzet	Blue/Red	Rare	Dissension
Rise	Dimir	Blue/Black	Uncommon	Dissension
Fall	Rakdos	Black/Red	Uncommon	Dissension
Supply	Selesnya	White/Green	Uncommon	Dissension
Demand	Azorius	White/Blue	Uncommon	Dissension
Trial	Azorius	White/Blue	Uncommon	Dissension
Error	Dimir	Blue/Black	Uncommon	Dissension
Azorius Signet	Azorius	-	Common	Dissension
Evolution Vat	Simic	-	Rare	Dissension
Rakdos Riteknife	Rakdos	-	Rare	Dissension
Rakdos Signet	Rakdos	-	Common	Dissension
Simic Signet	Simic	-	Common	Dissension
Walking Archive	Azorius	-	Rare	Dissension
Azorius Chancery	Azorius	-	Common	Dissension
Blood Crypt	Rakdos	-	Rare,Rare	Dissension,Return to Ravnica
Breeding Pool	Simic	-	Rare,Rare	Dissension,Gatecrash
Hallowed Fountain	Azorius	-	Rare,Rare	Dissension,Return to Ravnica
Novijen, Heart of Progress	Simic	-	Uncommon	Dissension
Prahv, Spires of Order	Azorius	-	Uncommon	Dissension
Rakdos Carnarium	Rakdos	-	Common	Dissension
Rix Maadi, Dungeon Palace	Rakdos	-	Uncommon	Dissension
Simic Growth Chamber	Simic	-	Common	Dissension
Azorius Arrester	Azorius	White	Common	Return to Ravnica
Azorius Justiciar	Azorius	White	Uncommon	Return to Ravnica
Eyes in the Skies	Selesnya	White	Common	Return to Ravnica
Martial Law	Azorius	White	Rare	Return to Ravnica
Rootborn Defenses	Selesnya	White	Common	Return to Ravnica
Selesnya Sentry	Selesnya	White	Common	Return to Ravnica
Trostani's Judgment	Selesnya	White	Common	Return to Ravnica
Blustersquall	Izzet	Blue	Uncommon	Return to Ravnica
Cyclonic Rift	Izzet	Blue	Rare	Return to Ravnica
Downsize	Izzet	Blue	Common	Return to Ravnica
Inaction Injunction	Azorius	Blue	Common	Return to Ravnica
Isperia's Skywatch	Azorius	Blue	Common	Return to Ravnica
Mizzium Skin	Izzet	Blue	Common	Return to Ravnica
Soulsworn Spirit	Azorius	Blue	Uncommon	Return to Ravnica
Tower Drake	Azorius	Blue	Common	Return to Ravnica
Dead Reveler	Rakdos	Black	Common	Return to Ravnica
Deviant Glee	Rakdos	Black	Common	Return to Ravnica
Grim Roustabout	Rakdos	Black	Common	Return to Ravnica
Sewer Shambler	Golgari	Black	Common	Return to Ravnica
Terrus Wurm	Golgari	Black	Common	Return to Ravnica
Thrill-Kill Assassin	Rakdos	Black	Uncommon	Return to Ravnica
Zanikev Locust	Golgari	Black	Uncommon	Return to Ravnica
Bloodfray Giant	Rakdos	Red	Uncommon	Return to Ravnica
Chaos Imps	Rakdos	Red	Rare	Return to Ravnica
Dynacharge	Izzet	Red	Common	Return to Ravnica
Electrickery	Izzet	Red	Common	Return to Ravnica
Gore-House Chainwalker	Rakdos	Red	Common	Return to Ravnica
Mizzium Mortars	Izzet	Red	Rare	Return to Ravnica
Pursuit of Flight	Izzet	Red	Common	Return to Ravnica
Splatter Thug	Rakdos	Red	Common	Return to Ravnica
Street Spasm	Izzet	Red	Uncommon	Return to Ravnica
Vandalblast	Izzet	Red	Uncommon	Return to Ravnica
Deadbridge Goliath	Golgari	Green	Rare	Return to Ravnica
Drudge Beetle	Golgari	Green	Common	Return to Ravnica
Druid's Deliverance	Selesnya	Green	Common	Return to Ravnica
Golgari Decoy	Golgari	Green	Uncommon	Return to Ravnica
Horncaller's Chant	Selesnya	Green	Common	Return to Ravnica
Korozda Monitor	Golgari	Green	Common	Return to Ravnica
Stonefare Crocodile	Golgari	Green	Common	Return to Ravnica
Abrupt Decay	Golgari	Black/Green	Rare	Return to Ravnica
Archon of the Triumvirate	Azorius	White/Blue	Rare	Return to Ravnica
Armada Wurm	Selesnya	White/Green	Mythic Rare	Return to Ravnica
Auger Spree	Rakdos	Black/Red	Common	Return to Ravnica
Azorius Charm	Azorius	White/Blue	Uncommon	Return to Ravnica
Call of the Conclave	Selesnya	White/Green	Uncommon	Return to Ravnica
Carnival Hellsteed	Rakdos	Black/Red	Rare	Return to Ravnica
Centaur Healer	Selesnya	White/Green	Common	Return to Ravnica
Chemister's Trick	Izzet	Blue/Red	Common	Return to Ravnica
Collective Blessing	Selesnya	White/Green	Rare	Return to Ravnica
Common Bond	Selesnya	White/Green	Common	Return to Ravnica
Corpsejack Menace	Golgari	Black/Green	Rare	Return to Ravnica
Counterflux	Izzet	Blue/Red	Rare	Return to Ravnica
Coursers' Accord	Selesnya	White/Green	Common	Return to Ravnica
Detention Sphere	Azorius	White/Blue	Rare	Return to Ravnica
Dramatic Rescue	Azorius	White/Blue	Common	Return to Ravnica
Dreadbore	Rakdos	Black/Red	Rare	Return to Ravnica
Dreg Mangler	Golgari	Black/Green	Uncommon	Return to Ravnica
Epic Experiment	Izzet	Blue/Red	Mythic Rare	Return to Ravnica
Essence Backlash	Izzet	Blue/Red	Common	Return to Ravnica
Fall of the Gavel	Azorius	White/Blue	Uncommon	Return to Ravnica
Firemind's Foresight	Izzet	Blue/Red	Rare	Return to Ravnica
Goblin Electromancer	Izzet	Blue/Red	Common	Return to Ravnica
Golgari Charm	Golgari	Black/Green	Uncommon	Return to Ravnica
Grisly Salvage	Golgari	Black/Green	Common	Return to Ravnica
Havoc Festival	Rakdos	Black/Red	Rare	Return to Ravnica
Hellhole Flailer	Rakdos	Black/Red	Uncommon	Return to Ravnica
Heroes' Reunion	Selesnya	White/Green	Uncommon	Return to Ravnica
Hussar Patrol	Azorius	White/Blue	Common	Return to Ravnica
Hypersonic Dragon	Izzet	Blue/Red	Rare	Return to Ravnica
Isperia, Supreme Judge	Azorius	White/Blue	Mythic Rare	Return to Ravnica
Izzet Charm	Izzet	Blue/Red	Uncommon	Return to Ravnica
Izzet Staticaster	Izzet	Blue/Red	Uncommon	Return to Ravnica
Jarad, Golgari Lich Lord	Golgari	Black/Green	Mythic Rare	Return to Ravnica
Jarad's Orders	Golgari	Black/Green	Rare	Return to Ravnica
Korozda Guildmage	Golgari	Black/Green	Uncommon	Return to Ravnica
Lotleth Troll	Golgari	Black/Green	Rare	Return to Ravnica
Loxodon Smiter	Selesnya	White/Green	Rare	Return to Ravnica
Lyev Skyknight	Azorius	White/Blue	Uncommon	Return to Ravnica
Mercurial Chemister	Izzet	Blue/Red	Rare	Return to Ravnica
New Prahv Guildmage	Azorius	White/Blue	Uncommon	Return to Ravnica
Nivix Guildmage	Izzet	Blue/Red	Uncommon	Return to Ravnica
Niv-Mizzet, Dracogenius	Izzet	Blue/Red	Mythic Rare	Return to Ravnica
Rakdos Charm	Rakdos	Black/Red	Uncommon	Return to Ravnica
Rakdos Ragemutt	Rakdos	Black/Red	Uncommon	Return to Ravnica
Rakdos Ringleader	Rakdos	Black/Red	Uncommon	Return to Ravnica
Rakdos, Lord of Riots	Rakdos	Black/Red	Mythic Rare	Return to Ravnica
Rakdos's Return	Rakdos	Black/Red	Mythic Rare	Return to Ravnica
Righteous Authority	Azorius	White/Blue	Rare	Return to Ravnica
Risen Sanctuary	Selesnya	White/Green	Uncommon	Return to Ravnica
Rites of Reaping	Golgari	Black/Green	Uncommon	Return to Ravnica
Rix Maadi Guildmage	Rakdos	Black/Red	Uncommon	Return to Ravnica
Search Warrant	Azorius	White/Blue	Common	Return to Ravnica
Selesnya Charm	Selesnya	White/Green	Uncommon	Return to Ravnica
Skull Rend	Rakdos	Black/Red	Common	Return to Ravnica
Skymark Roc	Azorius	White/Blue	Uncommon	Return to Ravnica
Slaughter Games	Rakdos	Black/Red	Rare	Return to Ravnica
Sluiceway Scorpion	Golgari	Black/Green	Common	Return to Ravnica
Spawn of Rix Maadi	Rakdos	Black/Red	Common	Return to Ravnica
Sphinx's Revelation	Azorius	White/Blue	Mythic Rare	Return to Ravnica
Supreme Verdict	Azorius	White/Blue	Rare	Return to Ravnica
Teleportal	Izzet	Blue/Red	Uncommon	Return to Ravnica
Thoughtflare	Izzet	Blue/Red	Uncommon	Return to Ravnica
Treasured Find	Golgari	Black/Green	Uncommon	Return to Ravnica
Trestle Troll	Golgari	Black/Green	Common	Return to Ravnica
Trostani, Selesnya's Voice	Selesnya	White/Green	Mythic Rare	Return to Ravnica
Vitu-Ghazi Guildmage	Selesnya	White/Green	Uncommon	Return to Ravnica
Wayfaring Temple	Selesnya	White/Green	Rare	Return to Ravnica
Azor's Elocutors	Azorius	White/Blue	Rare	Return to Ravnica
Blistercoil Weird	Izzet	Blue/Red	Uncommon	Return to Ravnica
Cryptborn Horror	Rakdos	Black/Red	Rare	Return to Ravnica
Deathrite Shaman	Golgari	Black/Green	Rare	Return to Ravnica
Dryad Militant	Selesnya	White/Green	Uncommon	Return to Ravnica
Frostburn Weird	Izzet	Blue/Red	Common	Return to Ravnica
Golgari Longlegs	Golgari	Black/Green	Common	Return to Ravnica
Growing Ranks	Selesnya	White/Green	Rare	Return to Ravnica
Judge's Familiar	Azorius	White/Blue	Uncommon	Return to Ravnica
Nivmagus Elemental	Izzet	Blue/Red	Rare	Return to Ravnica
Rakdos Cackler	Rakdos	Black/Red	Uncommon	Return to Ravnica
Rakdos Shred-Freak	Rakdos	Black/Red	Common	Return to Ravnica
Slitherhead	Golgari	Black/Green	Uncommon	Return to Ravnica
Sundering Growth	Selesnya	White/Green	Common	Return to Ravnica
Vassal Soul	Azorius	White/Blue	Common	Return to Ravnica
Azorius Keyrune	Azorius	-	Uncommon	Return to Ravnica
Golgari Keyrune	Golgari	-	Uncommon	Return to Ravnica
Izzet Keyrune	Izzet	-	Uncommon	Return to Ravnica
Rakdos Keyrune	Rakdos	-	Uncommon	Return to Ravnica
Selesnya Keyrune	Selesnya	-	Uncommon	Return to Ravnica
Azorius Guildgate	Azorius	-	Common,Common	Return to Ravnica,Dragon's Maze
Golgari Guildgate	Golgari	-	Common,Common	Return to Ravnica,Dragon's Maze
Grove of the Guardian	Selesnya	-	Rare	Return to Ravnica
Izzet Guildgate	Izzet	-	Common,Common	Return to Ravnica,Dragon's Maze
Rakdos Guildgate	Rakdos	-	Common,Common	Return to Ravnica,Dragon's Maze
Selesnya Guildgate	Selesnya	-	Common,Common	Return to Ravnica,Dragon's Maze
Basilica Guards	Orzhov	White	Common	Gatecrash
Blind Obedience	Orzhov	White	Rare	Gatecrash
Boros Elite	Boros	White	Uncommon	Gatecrash
Daring Skyjek	Boros	White	Common	Gatecrash
Dutiful Thrull	Orzhov	White	Common	Gatecrash
Frontline Medic	Boros	White	Rare	Gatecrash
Knight of Obligation	Orzhov	White	Uncommon	Gatecrash
Nav Squad Commandos	Boros	White	Common	Gatecrash
Syndic of Tithes	Orzhov	White	Common	Gatecrash
Clinging Anemones	Simic	Blue	Common	Gatecrash
Cloudfin Raptor	Simic	Blue	Common	Gatecrash
Frilled Oculus	Simic	Blue	Common	Gatecrash
Hands of Binding	Dimir	Blue	Common	Gatecrash
Last Thoughts	Dimir	Blue	Common	Gatecrash
Simic Fluxmage	Simic	Blue	Uncommon	Gatecrash
Simic Manipulator	Simic	Blue	Rare	Gatecrash
Stolen Identity	Dimir	Blue	Rare	Gatecrash
Voidwalk	Dimir	Blue	Uncommon	Gatecrash
Basilica Screecher	Orzhov	Black	Common	Gatecrash
Crypt Ghast	Orzhov	Black	Rare	Gatecrash
Horror of the Dim	Dimir	Black	Common	Gatecrash
Mental Vapors	Dimir	Black	Uncommon	Gatecrash
Midnight Recovery	Dimir	Black	Common	Gatecrash
Shadow Slice	Dimir	Black	Common	Gatecrash
Syndicate Enforcer	Orzhov	Black	Common	Gatecrash
Thrull Parasite	Orzhov	Black	Uncommon	Gatecrash
Undercity Plague	Dimir	Black	Rare	Gatecrash
Bomber Corps	Boros	Red	Common	Gatecrash
Firefist Striker	Boros	Red	Uncommon	Gatecrash
Legion Loyalist	Boros	Red	Rare	Gatecrash
Scorchwalker	Gruul	Red	Common	Gatecrash
Skinbrand Goblin	Gruul	Red	Common	Gatecrash
Towering Thunderfist	Boros	Red	Common	Gatecrash
Viashino Shanktail	Gruul	Red	Uncommon	Gatecrash
Warmind Infantry	Boros	Red	Common	Gatecrash
Wrecking Ogre	Gruul	Red	Rare	Gatecrash
Adaptive Snapjaw	Simic	Green	Common	Gatecrash
Crocanura	Simic	Green	Common	Gatecrash
Disciple of the Old Ways	Gruul	Green	Common	Gatecrash
Experiment One	Simic	Green	Uncommon	Gatecrash
Gyre Sage	Simic	Green	Rare	Gatecrash
Scab-Clan Charger	Gruul	Green	Common	Gatecrash
Skarrg Goliath	Gruul	Green	Rare	Gatecrash
Slaughterhorn	Gruul	Green	Common	Gatecrash
Wasteland Viper	Gruul	Green	Uncommon	Gatecrash
Alms Beast	Orzhov	White/Black	Rare	Gatecrash
Assemble the Legion	Boros	White/Red	Rare	Gatecrash
Aurelia, the Warleader	Boros	White/Red	Mythic Rare	Gatecrash
Aurelia's Fury	Boros	White/Red	Mythic Rare	Gatecrash
Bane Alley Broker	Dimir	Blue/Black	Uncommon	Gatecrash
Biovisionary	Simic	Blue/Green	Rare	Gatecrash
Borborygmos Enraged	Gruul	Red/Green	Mythic Rare	Gatecrash
Boros Charm	Boros	White/Red	Uncommon	Gatecrash
Call of the Nightwing	Dimir	Blue/Black	Uncommon	Gatecrash
Cartel Aristocrat	Orzhov	White/Black	Uncommon	Gatecrash
Clan Defiance	Gruul	Red/Green	Rare	Gatecrash
Consuming Aberration	Dimir	Blue/Black	Rare	Gatecrash
Deathpact Angel	Orzhov	White/Black	Mythic Rare	Gatecrash
Dimir Charm	Dimir	Blue/Black	Uncommon	Gatecrash
Dinrova Horror	Dimir	Blue/Black	Uncommon	Gatecrash
Drakewing Krasis	Simic	Blue/Green	Common	Gatecrash
Duskmantle Guildmage	Dimir	Blue/Black	Uncommon	Gatecrash
Duskmantle Seer	Dimir	Blue/Black	Mythic Rare	Gatecrash
Elusive Krasis	Simic	Blue/Green	Uncommon	Gatecrash
Executioner's Swing	Orzhov	White/Black	Common	Gatecrash
Fathom Mage	Simic	Blue/Green	Rare	Gatecrash
Firemane Avenger	Boros	White/Red	Rare	Gatecrash
Fortress Cyclops	Boros	White/Red	Uncommon	Gatecrash
Foundry Champion	Boros	White/Red	Rare	Gatecrash
Frenzied Tilling	Gruul	Red/Green	Uncommon	Gatecrash
Ghor-Clan Rampager	Gruul	Red/Green	Uncommon	Gatecrash
Ground Assault	Gruul	Red/Green	Uncommon	Gatecrash
Gruul Charm	Gruul	Red/Green	Uncommon	Gatecrash
Gruul Ragebeast	Gruul	Red/Green	Rare	Gatecrash
High Priest of Penance	Orzhov	White/Black	Rare	Gatecrash
Hydroform	Simic	Blue/Green	Common	Gatecrash
Kingpin's Pet	Orzhov	White/Black	Common	Gatecrash
Lazav, Dimir Mastermind	Dimir	Blue/Black	Mythic Rare	Gatecrash
Martial Glory	Boros	White/Red	Common	Gatecrash
Master Biomancer	Simic	Blue/Green	Mythic Rare	Gatecrash
Merciless Eviction	Orzhov	White/Black	Rare	Gatecrash
Mind Grind	Dimir	Blue/Black	Rare	Gatecrash
Mortus Strider	Dimir	Blue/Black	Common	Gatecrash
Mystic Genesis	Simic	Blue/Green	Rare	Gatecrash
Nimbus Swimmer	Simic	Blue/Green	Uncommon	Gatecrash
Obzedat, Ghost Council	Orzhov	White/Black	Mythic Rare	Gatecrash
One Thousand Lashes	Orzhov	White/Black	Uncommon	Gatecrash
Ordruun Veteran	Boros	White/Red	Uncommon	Gatecrash
Orzhov Charm	Orzhov	White/Black	Uncommon	Gatecrash
Paranoid Delusions	Dimir	Blue/Black	Common	Gatecrash
Primal Visitation	Gruul	Red/Green	Common	Gatecrash
Prime Speaker Zegana	Simic	Blue/Green	Mythic Rare	Gatecrash
Psychic Strike	Dimir	Blue/Black	Common	Gatecrash
Purge the Profane	Orzhov	White/Black	Common	Gatecrash
Rubblehulk	Gruul	Red/Green	Rare	Gatecrash
Ruination Wurm	Gruul	Red/Green	Common	Gatecrash
Shambleshark	Simic	Blue/Green	Common	Gatecrash
Signal the Clans	Gruul	Red/Green	Rare	Gatecrash
Simic Charm	Simic	Blue/Green	Uncommon	Gatecrash
Skarrg Guildmage	Gruul	Red/Green	Uncommon	Gatecrash
Soul Ransom	Dimir	Blue/Black	Rare	Gatecrash
Spark Trooper	Boros	White/Red	Rare	Gatecrash
Sunhome Guildmage	Boros	White/Red	Uncommon	Gatecrash
Treasury Thrull	Orzhov	White/Black	Rare	Gatecrash
Truefire Paladin	Boros	White/Red	Uncommon	Gatecrash
Unexpected Results	Simic	Blue/Green	Rare	Gatecrash
Urban Evolution	Simic	Blue/Green	Uncommon	Gatecrash
Vizkopa Confessor	Orzhov	White/Black	Uncommon	Gatecrash
Vizkopa Guildmage	Orzhov	White/Black	Uncommon	Gatecrash
Whispering Madness	Dimir	Blue/Black	Rare	Gatecrash
Wojek Halberdiers	Boros	White/Red	Common	Gatecrash
Zameck Guildmage	Simic	Blue/Green	Uncommon	Gatecrash
Zhur-Taa Swine	Gruul	Red/Green	Common	Gatecrash
Arrows of Justice	Boros	White/Red	Uncommon	Gatecrash
Beckon Apparition	Orzhov	White/Black	Common	Gatecrash
Biomass Mutation	Simic	Blue/Green	Rare	Gatecrash
Bioshift	Simic	Blue/Green	Common	Gatecrash
Boros Reckoner	Boros	White/Red	Rare	Gatecrash
Burning-Tree Emissary	Gruul	Red/Green	Uncommon	Gatecrash
Coerced Confession	Dimir	Blue/Black	Uncommon	Gatecrash
Deathcult Rogue	Dimir	Blue/Black	Common	Gatecrash
Gift of Orzhova	Orzhov	White/Black	Uncommon	Gatecrash
Immortal Servitude	Orzhov	White/Black	Rare	Gatecrash
Merfolk of the Depths	Simic	Blue/Green	Uncommon	Gatecrash
Nightveil Specter	Dimir	Blue/Black	Rare	Gatecrash
Pit Fight	Gruul	Red/Green	Common	Gatecrash
Rubblebelt Raiders	Gruul	Red/Green	Rare	Gatecrash
Shattering Blow	Boros	White/Red	Common	Gatecrash
Boros Keyrune	Boros	-	Uncommon	Gatecrash
Dimir Keyrune	Dimir	-	Uncommon	Gatecrash
Gruul Keyrune	Gruul	-	Uncommon	Gatecrash
Orzhov Keyrune	Orzhov	-	Uncommon	Gatecrash
Simic Keyrune	Simic	-	Uncommon	Gatecrash
Boros Guildgate	Boros	-	Common,Common	Gatecrash,Dragon's Maze
Dimir Guildgate	Dimir	-	Common,Common	Gatecrash,Dragon's Maze
Gruul Guildgate	Gruul	-	Common,Common	Gatecrash,Dragon's Maze
Orzhov Guildgate	Orzhov	-	Common,Common	Gatecrash,Dragon's Maze
Simic Guildgate	Simic	-	Common,Common	Gatecrash,Dragon's Maze
Boros Mastiff	Boros	White	Common	Dragon's Maze
Lyev Decree	Azorius	White	Common	Dragon's Maze
Scion of Vitu-Ghazi	Selesnya	White	Rare	Dragon's Maze
Wake the Reflections	Selesnya	White	Common	Dragon's Maze
Hidden Strings	Dimir	Blue	Common	Dragon's Maze
Trait Doctoring	Dimir	Blue	Rare	Dragon's Maze
Pontiff of Blight	Orzhov	Black	Rare	Dragon's Maze
Rakdos Drake	Rakdos	Black	Common	Dragon's Maze
Pyrewild Shaman	Gruul	Red	Rare	Dragon's Maze
Rubblebelt Maaka	Gruul	Red	Common	Dragon's Maze
Weapon Surge	Izzet	Red	Common	Dragon's Maze
Battering Krasis	Simic	Green	Common	Dragon's Maze
Renegade Krasis	Simic	Green	Rare	Dragon's Maze
Thrashing Mossdog	Golgari	Green	Common	Dragon's Maze
Advent of the Wurm	Selesnya	White/Green	Rare	Dragon's Maze
Armored Wolf-Rider	Selesnya	White/Green	Common	Dragon's Maze
Ascended Lawmage	Azorius	White/Blue	Uncommon	Dragon's Maze
Beetleform Mage	Simic	Blue/Green	Common	Dragon's Maze
Blast of Genius	Izzet	Blue/Red	Uncommon	Dragon's Maze
Blaze Commando	Boros	White/Red	Uncommon	Dragon's Maze
Blood Baron of Vizkopa	Orzhov	White/Black	Mythic Rare	Dragon's Maze
Boros Battleshaper	Boros	White/Red	Rare	Dragon's Maze
Bred for the Hunt	Simic	Blue/Green	Uncommon	Dragon's Maze
Bronzebeak Moa	Selesnya	White/Green	Uncommon	Dragon's Maze
Carnage Gladiator	Rakdos	Black/Red	Uncommon	Dragon's Maze
Council of the Absolute	Azorius	White/Blue	Mythic Rare	Dragon's Maze
Deadbridge Chant	Golgari	Black/Green	Mythic Rare	Dragon's Maze
Debt to the Deathless	Orzhov	White/Black	Uncommon	Dragon's Maze
Deputy of Acquittals	Azorius	White/Blue	Common	Dragon's Maze
Dragonshift	Izzet	Blue/Red	Rare	Dragon's Maze
Drown in Filth	Golgari	Black/Green	Common	Dragon's Maze
Emmara Tandris	Selesnya	White/Green	Rare	Dragon's Maze
Exava, Rakdos Blood Witch	Rakdos	Black/Red	Rare	Dragon's Maze
Fluxcharger	Izzet	Blue/Red	Uncommon	Dragon's Maze
Gaze of Granite	Golgari	Black/Green	Rare	Dragon's Maze
Gleam of Battle	Boros	White/Red	Uncommon	Dragon's Maze
Goblin Test Pilot	Izzet	Blue/Red	Uncommon	Dragon's Maze
Gruul War Chant	Gruul	Red/Green	Uncommon	Dragon's Maze
Haunter of Nightveil	Dimir	Blue/Black	Uncommon	Dragon's Maze
Jelenn Sphinx	Azorius	White/Blue	Uncommon	Dragon's Maze
Korozda Gorgon	Golgari	Black/Green	Uncommon	Dragon's Maze
Krasis Incubation	Simic	Blue/Green	Uncommon	Dragon's Maze
Lavinia of the Tenth	Azorius	White/Blue	Rare	Dragon's Maze
Legion's Initiative	Boros	White/Red	Mythic Rare	Dragon's Maze
Master of Cruelties	Rakdos	Black/Red	Mythic Rare	Dragon's Maze
Maw of the Obzedat	Orzhov	White/Black	Uncommon	Dragon's Maze
Melek, Izzet Paragon	Izzet	Blue/Red	Rare	Dragon's Maze
Mirko Vosk, Mind Drinker	Dimir	Blue/Black	Rare	Dragon's Maze
Morgue Burst	Rakdos	Black/Red	Common	Dragon's Maze
Nivix Cyclops	Izzet	Blue/Red	Common	Dragon's Maze
Notion Thief	Dimir	Blue/Black	Rare	Dragon's Maze
Obzedat's Aid	Orzhov	White/Black	Rare	Dragon's Maze
Pilfered Plans	Dimir	Blue/Black	Common	Dragon's Maze
Plasm Capture	Simic	Blue/Green	Rare	Dragon's Maze
Progenitor Mimic	Simic	Blue/Green	Mythic Rare	Dragon's Maze
Reap Intellect	Dimir	Blue/Black	Mythic Rare	Dragon's Maze
Render Silent	Azorius	White/Blue	Rare	Dragon's Maze
Restore the Peace	Azorius	White/Blue	Uncommon	Dragon's Maze
Rot Farm Skeleton	Golgari	Black/Green	Uncommon	Dragon's Maze
Ruric Thar, the Unbowed	Gruul	Red/Green	Rare	Dragon's Maze
Savageborn Hydra	Gruul	Red/Green	Mythic Rare	Dragon's Maze
Scab-Clan Giant	Gruul	Red/Green	Uncommon	Dragon's Maze
Showstopper	Rakdos	Black/Red	Uncommon	Dragon's Maze
Sin Collector	Orzhov	White/Black	Uncommon	Dragon's Maze
Sire of Insanity	Rakdos	Black/Red	Rare	Dragon's Maze
Species Gorger	Simic	Blue/Green	Uncommon	Dragon's Maze
Spike Jester	Rakdos	Black/Red	Uncommon	Dragon's Maze
Tajic, Blade of the Legion	Boros	White/Red	Rare	Dragon's Maze
Teysa, Envoy of Ghosts	Orzhov	White/Black	Rare	Dragon's Maze
Tithe Drinker	Orzhov	White/Black	Common	Dragon's Maze
Trostani's Summoner	Selesnya	White/Green	Uncommon	Dragon's Maze
Unflinching Courage	Selesnya	White/Green	Uncommon	Dragon's Maze
Varolz, the Scar-Striped	Golgari	Black/Green	Rare	Dragon's Maze
Viashino Firstblade	Boros	White/Red	Common	Dragon's Maze
Voice of Resurgence	Selesnya	White/Green	Mythic Rare	Dragon's Maze
Vorel of the Hull Clade	Simic	Blue/Green	Rare	Dragon's Maze
Warleader's Helix	Boros	White/Red	Uncommon	Dragon's Maze
Warped Physique	Dimir	Blue/Black	Uncommon	Dragon's Maze
Woodlot Crawler	Dimir	Blue/Black	Uncommon	Dragon's Maze
Zhur-Taa Ancient	Gruul	Red/Green	Rare	Dragon's Maze
Zhur-Taa Druid	Gruul	Red/Green	Common	Dragon's Maze
Azorius Cluestone	Azorius	-	Common	Dragon's Maze
Boros Cluestone	Boros	-	Common	Dragon's Maze
Dimir Cluestone	Dimir	-	Common	Dragon's Maze
Golgari Cluestone	Golgari	-	Common	Dragon's Maze
Gruul Cluestone	Gruul	-	Common	Dragon's Maze
Izzet Cluestone	Izzet	-	Common	Dragon's Maze
Orzhov Cluestone	Orzhov	-	Common	Dragon's Maze
Rakdos Cluestone	Rakdos	-	Common	Dragon's Maze
Selesnya Cluestone	Selesnya	-	Common	Dragon's Maze
Simic Cluestone	Simic	-	Common	Dragon's Maze
